gene_id,UID,seq
A1BG,HGLibB_00001,CAATGTGACGCTGACGTGCC
A1BG,HGLibB_00002,TGTCTCCGCAGGTGTCACCT
A1BG,HGLibB_00003,CATATGGCTGCTTCTGTCAC
A1CF,HGLibB_00004,GGTGCAGCATCCCAACCAGG
A1CF,HGLibB_00005,GGGATGCTGCACCCCCTGAA
A1CF,HGLibB_00006,AACTTAATAATTATGAAATT
A2M,HGLibB_00007,CCCAAAGTCTTCATCCAATG
A2M,HGLibB_00008,CCCACAGACGCCTCAGTCTC
A2M,HGLibB_00009,TCCCAGGCAGTATATGGTTC
A2ML1,HGLibB_00010,GACAAACCTCTCTACACCCC
A2ML1,HGLibB_00011,GCCGGGCTGGTAATGTCACC
A2ML1,HGLibB_00012,GTATTTCCGCATTGTCACCA
A3GALT2,HGLibB_00013,AAGTTCTGACCTGTACCCCC
A3GALT2,HGLibB_00014,GGCCGAAGGGCAGACGCCCA
A3GALT2,HGLibB_00015,AGCAAAGATAGTCAGCCCAA
A4GALT,HGLibB_00016,CGTGCGTCGTGGGGCAGTAG
A4GALT,HGLibB_00017,CTTCCACATGAGTGCGATCC
A4GALT,HGLibB_00018,GAACAATGAAGTCCGTGTCC
A4GNT,HGLibB_00019,AAACGTTGTCTATTGCTGAC
A4GNT,HGLibB_00020,ACCCCATCTCCTATCGAGAG
A4GNT,HGLibB_00021,GCTTCTCGGTACTCTAGTAA
AAAS,HGLibB_00022,GCACTCACCAATTTGTGACT
AAAS,HGLibB_00023,AATTTGCCCAAGTCACAAAT
AAAS,HGLibB_00024,TTTCATTTAGCACCCCAAAA
AACS,HGLibB_00025,CGCCGCCGCCATGTCCAAGG
AACS,HGLibB_00026,CTTTGTTTGCAGCAGCAATG
AACS,HGLibB_00027,CTTCCCAGGGGAAGGCAAAG
AADAC,HGLibB_00028,CCTGAGAGAATCGGTATTTC
AADAC,HGLibB_00029,CCAGAAATACCGATTCTCTC
AADAC,HGLibB_00030,GTTATGACTTGCTGTCAAGA
AADACL2,HGLibB_00031,TCCCACCCGAATCTGCATTG
AADACL2,HGLibB_00032,ATGCAAGTCTTACTTTACCC
AADACL2,HGLibB_00033,ACGCTTGATGCTGTTGTTGT
AADACL3,HGLibB_00034,ACCTGGGAGTGCCCGTGACC
AADACL3,HGLibB_00035,GACTCCGTGGTTCTGGCAGT
AADACL3,HGLibB_00036,CATATGCTCTCGTTTGTGCA
AADACL4,HGLibB_00037,TGCCAAGAGTAGCACTAGCC
AADACL4,HGLibB_00038,GTGGTGACCGACCTGCGTTT
AADACL4,HGLibB_00039,TGTCTTGCAGATTGTTACCA
AADAT,HGLibB_00040,CAGCCAACAAGGTCTTTGTA
AADAT,HGLibB_00041,CCAGTAGGGTTGTTGCCATT
AADAT,HGLibB_00042,TAGATCCATTTGTCCTTGAC
AAED1,HGLibB_00043,ACTCACTTGTAAGAAACTCC
AAED1,HGLibB_00044,AGGATCTGGCCAAAATCCCC
AAED1,HGLibB_00045,TATCCAGTCAGCTTGCAAAA
AAGAB,HGLibB_00046,CAGACCAAGATCATCACCTC
AAGAB,HGLibB_00047,TGGAACAGAAGATCTTATTG
AAGAB,HGLibB_00048,CGCTTTACTCCTGTAGATTC
AAK1,HGLibB_00049,AGTCAGGTGGCAATTTGTGA
AAK1,HGLibB_00050,CAACAATGAGCATGATCTCC
AAK1,HGLibB_00051,TGAGAATATCGAGAATTATC
AAMDC,HGLibB_00052,TATAATGCCTTGGTTGCCCA
AAMDC,HGLibB_00053,CCAGGTGCCTTCATCAACTG
AAMDC,HGLibB_00054,TCAAGGCCTCACTCATCCCT
AAMP,HGLibB_00055,CGTCAGCTGTGCCCGCCAAC
AAMP,HGLibB_00056,AAGATGACAAAGCCTTCGTA
AAMP,HGLibB_00057,TCCTCGGGCACCTGTCCTGT
AANAT,HGLibB_00058,GCCTTTGAGATCGAGCGTGA
AANAT,HGLibB_00059,GACGCCCAAGACGGAGATGA
AANAT,HGLibB_00060,CCGGGCCGCGCTCATGTGCG
AAR2,HGLibB_00061,GGACTTTGCTGCGGAACCTG
AAR2,HGLibB_00062,TCTCACCAAGCTGGTGGTAC
AAR2,HGLibB_00063,TGTACGAGGCATTTGAGCAT
AARD,HGLibB_00064,CCAGTAAAGTTCTAGCCAGC
AARD,HGLibB_00065,CGGTGCAGCGCGCGATCTCG
AARD,HGLibB_00066,AACCAAAGCTCCGCTCTACC
AARS,HGLibB_00067,GGTGGCCGGCCTGACAACAC
AARS,HGLibB_00068,GAACTCCTCACCCAAGAGTT
AARS,HGLibB_00069,AGCTGGCTTAGAAGCAGATC
AARS2,HGLibB_00070,CGTGGATCCACGAAGCGAGA
AARS2,HGLibB_00071,GAACTGCTGACTCAGGTCTA
AARS2,HGLibB_00072,CTCTGGATCTCCTACTTTGA
AARSD1,HGLibB_00073,TACTTGCTCTGCAGTCATAG
AARSD1,HGLibB_00074,TGTTCAGTTCACCACCACCG
AARSD1,HGLibB_00075,CTTAGGGCAGCATCTCATCA
AASDH,HGLibB_00076,TTACTACACCTACAAGACTG
AASDH,HGLibB_00077,ATATTTCTTGCTCTATCAAG
AASDH,HGLibB_00078,CTTTAGAATTCTCCAAGTCC
AASDHPPT,HGLibB_00079,GATGAGTCCTTTGCAAGAAC
AASDHPPT,HGLibB_00080,GACTAGGATTTGAATTGCAG
AASDHPPT,HGLibB_00081,TAAAGAAACACGTTTATTCC
AASS,HGLibB_00082,ACAAGAGGGTGCAATACATA
AASS,HGLibB_00083,GCTAACATGTGATCCAGACC
AASS,HGLibB_00084,ACAATACTTACCTGCTCTCC
AATF,HGLibB_00085,AGTCAAGATTGAGCGTTCAA
AATF,HGLibB_00086,CTCCTTGGATCCCAACGATC
AATF,HGLibB_00087,GGACCCTGAAGCGGACCCCG
AATK,HGLibB_00088,AGTCACCAATCTTCACCGTC
AATK,HGLibB_00089,GCAGGCTAGTGCCAGCGTGC
AATK,HGLibB_00090,TGTAGGGCTGCACCTCCTCC
ABAT,HGLibB_00091,CATCAACCAGGTAATTGCCT
ABAT,HGLibB_00092,GAAACAGCTGAATATAATTC
ABAT,HGLibB_00093,GCTCTTACCTATGGGGACAG
ABCA1,HGLibB_00094,AGCTCAGCCGAACAGAGATC
ABCA1,HGLibB_00095,TTTGCGCATGTCCTTCATGC
ABCA1,HGLibB_00096,TCCTGATCCTGATCTCTGTT
ABCA10,HGLibB_00097,TTGCATCATTAAATGTTGCA
ABCA10,HGLibB_00098,GATACCACCTTTCATTTCTA
ABCA10,HGLibB_00099,ACAAAAAATTTCACCATGCA
ABCA12,HGLibB_00100,ATAAACTGCTGTCCTTATCC
